obprof_path,wave_condition,test_id,profile_name,combo_label,transect_mat,rmse_z_gt_threshold,x_meas_end_model,saved_zoom,saved_full,saved_bedchange,crest_z_model,crest_z_meas,crest_z_error,crest_x_model,crest_x_meas,crest_x_error,effb,efff,slp,slpot,gamma,has_param_overrides
/Users/elizabeth/cshore/flume_data/generated_infiles_sweep/shallow_overwash/TestE1/cntrl/combo_0002/OBPROF,shallow_overwash,TestE1,cntrl,combo_0002,/Users/elizabeth/cshore/flume_data/final_transects_shallowoverwash.mat,0.02349071463371444,51.705,/Users/elizabeth/cshore/flume_data/generated_infiles_sweep/sweep_postprocessing_figures/shallow_overwash__TestE1__cntrl__combo_0002_dune_zoom.png,,,0.492461093,0.4824448506859123,0.010016242314087709,51.275,51.265,0.00999999999999801,0.0025,0.004,0.35,0.04,0.55,True
/Users/elizabeth/cshore/flume_data/generated_infiles_sweep/shallow_overwash/TestE2/cntrl/combo_0002/OBPROF,shallow_overwash,TestE2,cntrl,combo_0002,/Users/elizabeth/cshore/flume_data/final_transects_shallowoverwash.mat,0.023492403210220142,51.705,/Users/elizabeth/cshore/flume_data/generated_infiles_sweep/sweep_postprocessing_figures/shallow_overwash__TestE2__cntrl__combo_0002_dune_zoom.png,,,0.492464477,0.4824448506859123,0.010019626314087704,51.275,51.265,0.00999999999999801,0.0025,0.004,0.35,0.04,0.55,True
/Users/elizabeth/cshore/flume_data/generated_infiles_sweep/shallow_overwash/TestE1/cntrl/combo_0004/OBPROF,shallow_overwash,TestE1,cntrl,combo_0004,/Users/elizabeth/cshore/flume_data/final_transects_shallowoverwash.mat,0.023543318595583916,51.705,/Users/elizabeth/cshore/flume_data/generated_infiles_sweep/sweep_postprocessing_figures/shallow_overwash__TestE1__cntrl__combo_0004_dune_zoom.png,,,0.49224514,0.4824448506859123,0.009800289314087718,51.275,51.265,0.00999999999999801,0.0025,0.004,0.35,0.1,0.55,True
/Users/elizabeth/cshore/flume_data/generated_infiles_sweep/shallow_overwash/TestE2/cntrl/combo_0004/OBPROF,shallow_overwash,TestE2,cntrl,combo_0004,/Users/elizabeth/cshore/flume_data/final_transects_shallowoverwash.mat,0.02354444342428264,51.705,/Users/elizabeth/cshore/flume_data/generated_infiles_sweep/sweep_postprocessing_figures/shallow_overwash__TestE2__cntrl__combo_0004_dune_zoom.png,,,0.492249556,0.4824448506859123,0.00980470531408767,51.275,51.265,0.00999999999999801,0.0025,0.004,0.35,0.1,0.55,True
/Users/elizabeth/cshore/flume_data/generated_infiles_sweep/shallow_overwash/TestE3/cntrl/combo_0002/OBPROF,shallow_overwash,TestE3,cntrl,combo_0002,/Users/elizabeth/cshore/flume_data/final_transects_shallowoverwash.mat,0.023656380285382545,51.705,/Users/elizabeth/cshore/flume_data/generated_infiles_sweep/sweep_postprocessing_figures/shallow_overwash__TestE3__cntrl__combo_0002_dune_zoom.png,,,0.493349445,0.4828153016859123,0.010534143314087696,51.27,51.265,0.005000000000002558,0.0025,0.004,0.35,0.04,0.55,True
/Users/elizabeth/cshore/flume_data/generated_infiles_sweep/shallow_overwash/TestE1/cntrl/combo_0006/OBPROF,shallow_overwash,TestE1,cntrl,combo_0006,/Users/elizabeth/cshore/flume_data/final_transects_shallowoverwash.mat,0.023932856819067073,51.705,/Users/elizabeth/cshore/flume_data/generated_infiles_sweep/sweep_postprocessing_figures/shallow_overwash__TestE1__cntrl__combo_0006_dune_zoom.png,,,0.491546263,0.4824448506859123,0.009101412314087676,51.28,51.265,0.015000000000000568,0.0025,0.004,0.5,0.04,0.55,True
/Users/elizabeth/cshore/flume_data/generated_infiles_sweep/shallow_overwash/TestE2/cntrl/combo_0006/OBPROF,shallow_overwash,TestE2,cntrl,combo_0006,/Users/elizabeth/cshore/flume_data/final_transects_shallowoverwash.mat,0.02393401816714005,51.705,/Users/elizabeth/cshore/flume_data/generated_infiles_sweep/sweep_postprocessing_figures/shallow_overwash__TestE2__cntrl__combo_0006_dune_zoom.png,,,0.491550083,0.4824448506859123,0.009105232314087719,51.28,51.265,0.015000000000000568,0.0025,0.004,0.5,0.04,0.55,True
/Users/elizabeth/cshore/flume_data/generated_infiles_sweep/shallow_overwash/TestE1/cntrl/combo_0008/OBPROF,shallow_overwash,TestE1,cntrl,combo_0008,/Users/elizabeth/cshore/flume_data/final_transects_shallowoverwash.mat,0.02396937626551147,51.705,/Users/elizabeth/cshore/flume_data/generated_infiles_sweep/sweep_postprocessing_figures/shallow_overwash__TestE1__cntrl__combo_0008_dune_zoom.png,,,0.491326511,0.4824448506859123,0.008881660314087714,51.28,51.265,0.015000000000000568,0.0025,0.004,0.5,0.1,0.55,True
/Users/elizabeth/cshore/flume_data/generated_infiles_sweep/shallow_overwash/TestE2/cntrl/combo_0008/OBPROF,shallow_overwash,TestE2,cntrl,combo_0008,/Users/elizabeth/cshore/flume_data/final_transects_shallowoverwash.mat,0.02397090676791177,51.705,/Users/elizabeth/cshore/flume_data/generated_infiles_sweep/sweep_postprocessing_figures/shallow_overwash__TestE2__cntrl__combo_0008_dune_zoom.png,,,0.49133295,0.4824448506859123,0.008888099314087683,51.28,51.265,0.015000000000000568,0.0025,0.004,0.5,0.1,0.55,True
/Users/elizabeth/cshore/flume_data/generated_infiles_sweep/shallow_overwash/TestE1/cntrl/combo_0025/OBPROF,shallow_overwash,TestE1,cntrl,combo_0025,/Users/elizabeth/cshore/flume_data/final_transects_shallowoverwash.mat,0.024023372570112694,51.705,/Users/elizabeth/cshore/flume_data/generated_infiles_sweep/sweep_postprocessing_figures/shallow_overwash__TestE1__cntrl__combo_0025_dune_zoom.png,,,0.492270026,0.4824448506859123,0.00982517531408772,51.28,51.265,0.015000000000000568,0.005,0.01,0.35,0.04,0.45,True
/Users/elizabeth/cshore/flume_data/generated_infiles_sweep/shallow_overwash/TestE1/cntrl/combo_0027/OBPROF,shallow_overwash,TestE1,cntrl,combo_0027,/Users/elizabeth/cshore/flume_data/final_transects_shallowoverwash.mat,0.024023372570112694,51.705,/Users/elizabeth/cshore/flume_data/generated_infiles_sweep/sweep_postprocessing_figures/shallow_overwash__TestE1__cntrl__combo_0027_dune_zoom.png,,,0.492270026,0.4824448506859123,0.00982517531408772,51.28,51.265,0.015000000000000568,0.005,0.01,0.35,0.1,0.45,True
/Users/elizabeth/cshore/flume_data/generated_infiles_sweep/shallow_overwash/TestE2/cntrl/combo_0025/OBPROF,shallow_overwash,TestE2,cntrl,combo_0025,/Users/elizabeth/cshore/flume_data/final_transects_shallowoverwash.mat,0.02402415108692163,51.705,/Users/elizabeth/cshore/flume_data/generated_infiles_sweep/sweep_postprocessing_figures/shallow_overwash__TestE2__cntrl__combo_0025_dune_zoom.png,,,0.492273382,0.4824448506859123,0.009828531314087674,51.28,51.265,0.015000000000000568,0.005,0.01,0.35,0.04,0.45,True
/Users/elizabeth/cshore/flume_data/generated_infiles_sweep/shallow_overwash/TestE2/cntrl/combo_0027/OBPROF,shallow_overwash,TestE2,cntrl,combo_0027,/Users/elizabeth/cshore/flume_data/final_transects_shallowoverwash.mat,0.02402415108692163,51.705,/Users/elizabeth/cshore/flume_data/generated_infiles_sweep/sweep_postprocessing_figures/shallow_overwash__TestE2__cntrl__combo_0027_dune_zoom.png,,,0.492273382,0.4824448506859123,0.009828531314087674,51.28,51.265,0.015000000000000568,0.005,0.01,0.35,0.1,0.45,True
/Users/elizabeth/cshore/flume_data/generated_infiles_sweep/shallow_overwash/TestE1/cntrl/combo_0013/OBPROF,shallow_overwash,TestE1,cntrl,combo_0013,/Users/elizabeth/cshore/flume_data/final_transects_shallowoverwash.mat,0.024067317877293295,51.705,/Users/elizabeth/cshore/flume_data/generated_infiles_sweep/sweep_postprocessing_figures/shallow_overwash__TestE1__cntrl__combo_0013_dune_zoom.png,,,0.493604405,0.4824448506859123,0.011159554314087716,51.26,51.265,-0.005000000000002558,0.0025,0.01,0.5,0.04,0.45,True
/Users/elizabeth/cshore/flume_data/generated_infiles_sweep/shallow_overwash/TestE1/cntrl/combo_0015/OBPROF,shallow_overwash,TestE1,cntrl,combo_0015,/Users/elizabeth/cshore/flume_data/final_transects_shallowoverwash.mat,0.024067317877293295,51.705,/Users/elizabeth/cshore/flume_data/generated_infiles_sweep/sweep_postprocessing_figures/shallow_overwash__TestE1__cntrl__combo_0015_dune_zoom.png,,,0.493604405,0.4824448506859123,0.011159554314087716,51.26,51.265,-0.005000000000002558,0.0025,0.01,0.5,0.1,0.45,True
/Users/elizabeth/cshore/flume_data/generated_infiles_sweep/shallow_overwash/TestE2/cntrl/combo_0013/OBPROF,shallow_overwash,TestE2,cntrl,combo_0013,/Users/elizabeth/cshore/flume_data/final_transects_shallowoverwash.mat,0.024070965492546847,51.705,/Users/elizabeth/cshore/flume_data/generated_infiles_sweep/sweep_postprocessing_figures/shallow_overwash__TestE2__cntrl__combo_0013_dune_zoom.png,,,0.493606702,0.4824448506859123,0.0111618513140877,51.26,51.265,-0.005000000000002558,0.0025,0.01,0.5,0.04,0.45,True
/Users/elizabeth/cshore/flume_data/generated_infiles_sweep/shallow_overwash/TestE2/cntrl/combo_0015/OBPROF,shallow_overwash,TestE2,cntrl,combo_0015,/Users/elizabeth/cshore/flume_data/final_transects_shallowoverwash.mat,0.024070965492546847,51.705,/Users/elizabeth/cshore/flume_data/generated_infiles_sweep/sweep_postprocessing_figures/shallow_overwash__TestE2__cntrl__combo_0015_dune_zoom.png,,,0.493606702,0.4824448506859123,0.0111618513140877,51.26,51.265,-0.005000000000002558,0.0025,0.01,0.5,0.1,0.45,True
/Users/elizabeth/cshore/flume_data/generated_infiles_sweep/shallow_overwash/TestE1/cntrl/combo_0010/OBPROF,shallow_overwash,TestE1,cntrl,combo_0010,/Users/elizabeth/cshore/flume_data/final_transects_shallowoverwash.mat,0.024110752146397015,51.705,/Users/elizabeth/cshore/flume_data/generated_infiles_sweep/sweep_postprocessing_figures/shallow_overwash__TestE1__cntrl__combo_0010_dune_zoom.png,,,0.490899377,0.4824448506859123,0.008454526314087718,51.285,51.265,0.01999999999999602,0.0025,0.01,0.35,0.04,0.55,True
/Users/elizabeth/cshore/flume_data/generated_infiles_sweep/shallow_overwash/TestE1/cntrl/combo_0012/OBPROF,shallow_overwash,TestE1,cntrl,combo_0012,/Users/elizabeth/cshore/flume_data/final_transects_shallowoverwash.mat,0.024110932561057074,51.705,/Users/elizabeth/cshore/flume_data/generated_infiles_sweep/sweep_postprocessing_figures/shallow_overwash__TestE1__cntrl__combo_0012_dune_zoom.png,,,0.490547642,0.4824448506859123,0.008102791314087698,51.285,51.265,0.01999999999999602,0.0025,0.01,0.35,0.1,0.55,True
/Users/elizabeth/cshore/flume_data/generated_infiles_sweep/shallow_overwash/TestE2/cntrl/combo_0010/OBPROF,shallow_overwash,TestE2,cntrl,combo_0010,/Users/elizabeth/cshore/flume_data/final_transects_shallowoverwash.mat,0.024112905275343204,51.705,/Users/elizabeth/cshore/flume_data/generated_infiles_sweep/sweep_postprocessing_figures/shallow_overwash__TestE2__cntrl__combo_0010_dune_zoom.png,,,0.490905827,0.4824448506859123,0.00846097631408771,51.285,51.265,0.01999999999999602,0.0025,0.01,0.35,0.04,0.55,True
/Users/elizabeth/cshore/flume_data/generated_infiles_sweep/shallow_overwash/TestE2/cntrl/combo_0012/OBPROF,shallow_overwash,TestE2,cntrl,combo_0012,/Users/elizabeth/cshore/flume_data/final_transects_shallowoverwash.mat,0.024112995766140788,51.705,/Users/elizabeth/cshore/flume_data/generated_infiles_sweep/sweep_postprocessing_figures/shallow_overwash__TestE2__cntrl__combo_0012_dune_zoom.png,,,0.490554528,0.4824448506859123,0.008109677314087682,51.285,51.265,0.01999999999999602,0.0025,0.01,0.35,0.1,0.55,True
/Users/elizabeth/cshore/flume_data/generated_infiles_sweep/shallow_overwash/TestE3/cntrl/combo_0003/OBPROF,shallow_overwash,TestE3,cntrl,combo_0003,/Users/elizabeth/cshore/flume_data/final_transects_shallowoverwash.mat,0.025033911503432885,51.705,/Users/elizabeth/cshore/flume_data/generated_infiles_sweep/sweep_postprocessing_figures/shallow_overwash__TestE3__cntrl__combo_0003_dune_zoom.png,,,0.494473085,0.4828153016859123,0.011657783314087677,51.25,51.265,-0.015000000000000568,0.0025,0.004,0.35,0.1,0.45,True
/Users/elizabeth/cshore/flume_data/generated_infiles_sweep/shallow_overwash/TestE3/cntrl/combo_0001/OBPROF,shallow_overwash,TestE3,cntrl,combo_0001,/Users/elizabeth/cshore/flume_data/final_transects_shallowoverwash.mat,0.025033911503432885,51.705,/Users/elizabeth/cshore/flume_data/generated_infiles_sweep/sweep_postprocessing_figures/shallow_overwash__TestE3__cntrl__combo_0001_dune_zoom.png,,,0.494473085,0.4828153016859123,0.011657783314087677,51.25,51.265,-0.015000000000000568,0.0025,0.004,0.35,0.04,0.45,True
/Users/elizabeth/cshore/flume_data/generated_infiles_sweep/deep_collision/TestN1/cntrl/combo_0013/OBPROF,deep_collision,TestN1,cntrl,combo_0013,/Users/elizabeth/cshore/flume_data/final_transects_deepcollision.mat,0.03200997196902444,51.705,/Users/elizabeth/cshore/flume_data/generated_infiles_sweep/sweep_postprocessing_figures/deep_collision__TestN1__cntrl__combo_0013_dune_zoom.png,,,0.496911315,0.4624388894189743,0.0344724255810257,51.25,51.3,-0.04999999999999716,0.0025,0.01,0.5,0.04,0.45,True
/Users/elizabeth/cshore/flume_data/generated_infiles_sweep/deep_collision/TestN1/cntrl/combo_0015/OBPROF,deep_collision,TestN1,cntrl,combo_0015,/Users/elizabeth/cshore/flume_data/final_transects_deepcollision.mat,0.03200997196902444,51.705,/Users/elizabeth/cshore/flume_data/generated_infiles_sweep/sweep_postprocessing_figures/deep_collision__TestN1__cntrl__combo_0015_dune_zoom.png,,,0.496911315,0.4624388894189743,0.0344724255810257,51.25,51.3,-0.04999999999999716,0.0025,0.01,0.5,0.1,0.45,True
/Users/elizabeth/cshore/flume_data/generated_infiles_sweep/deep_collision/TestN1/cntrl/combo_0027/OBPROF,deep_collision,TestN1,cntrl,combo_0027,/Users/elizabeth/cshore/flume_data/final_transects_deepcollision.mat,0.032110489703754685,51.705,/Users/elizabeth/cshore/flume_data/generated_infiles_sweep/sweep_postprocessing_figures/deep_collision__TestN1__cntrl__combo_0027_dune_zoom.png,,,0.496896704,0.4624388894189743,0.0344578145810257,51.25,51.3,-0.04999999999999716,0.005,0.01,0.35,0.1,0.45,True
/Users/elizabeth/cshore/flume_data/generated_infiles_sweep/deep_collision/TestN1/cntrl/combo_0025/OBPROF,deep_collision,TestN1,cntrl,combo_0025,/Users/elizabeth/cshore/flume_data/final_transects_deepcollision.mat,0.032110489703754685,51.705,/Users/elizabeth/cshore/flume_data/generated_infiles_sweep/sweep_postprocessing_figures/deep_collision__TestN1__cntrl__combo_0025_dune_zoom.png,,,0.496896704,0.4624388894189743,0.0344578145810257,51.25,51.3,-0.04999999999999716,0.005,0.01,0.35,0.04,0.45,True
/Users/elizabeth/cshore/flume_data/generated_infiles_sweep/deep_collision/TestN1/cntrl/combo_0029/OBPROF,deep_collision,TestN1,cntrl,combo_0029,/Users/elizabeth/cshore/flume_data/final_transects_deepcollision.mat,0.032146716659631785,51.705,/Users/elizabeth/cshore/flume_data/generated_infiles_sweep/sweep_postprocessing_figures/deep_collision__TestN1__cntrl__combo_0029_dune_zoom.png,,,0.496836822,0.4624388894189743,0.03439793258102569,51.255,51.3,-0.0449999999999946,0.005,0.01,0.5,0.04,0.45,True
/Users/elizabeth/cshore/flume_data/generated_infiles_sweep/deep_collision/TestN1/cntrl/combo_0031/OBPROF,deep_collision,TestN1,cntrl,combo_0031,/Users/elizabeth/cshore/flume_data/final_transects_deepcollision.mat,0.032146716659631785,51.705,/Users/elizabeth/cshore/flume_data/generated_infiles_sweep/sweep_postprocessing_figures/deep_collision__TestN1__cntrl__combo_0031_dune_zoom.png,,,0.496836822,0.4624388894189743,0.03439793258102569,51.255,51.3,-0.0449999999999946,0.005,0.01,0.5,0.1,0.45,True
/Users/elizabeth/cshore/flume_data/generated_infiles_sweep/deep_collision/TestN1/cntrl/combo_0009/OBPROF,deep_collision,TestN1,cntrl,combo_0009,/Users/elizabeth/cshore/flume_data/final_transects_deepcollision.mat,0.032164983452310815,51.705,/Users/elizabeth/cshore/flume_data/generated_infiles_sweep/sweep_postprocessing_figures/deep_collision__TestN1__cntrl__combo_0009_dune_zoom.png,,,0.496911316,0.4624388894189743,0.03447242658102567,51.25,51.3,-0.04999999999999716,0.0025,0.01,0.35,0.04,0.45,True
/Users/elizabeth/cshore/flume_data/generated_infiles_sweep/deep_collision/TestN1/cntrl/combo_0011/OBPROF,deep_collision,TestN1,cntrl,combo_0011,/Users/elizabeth/cshore/flume_data/final_transects_deepcollision.mat,0.032164983452310815,51.705,/Users/elizabeth/cshore/flume_data/generated_infiles_sweep/sweep_postprocessing_figures/deep_collision__TestN1__cntrl__combo_0011_dune_zoom.png,,,0.496911316,0.4624388894189743,0.03447242658102567,51.25,51.3,-0.04999999999999716,0.0025,0.01,0.35,0.1,0.45,True
/Users/elizabeth/cshore/flume_data/generated_infiles_sweep/deep_collision/TestN1/cntrl/combo_0010/OBPROF,deep_collision,TestN1,cntrl,combo_0010,/Users/elizabeth/cshore/flume_data/final_transects_deepcollision.mat,0.03225399930134406,51.705,/Users/elizabeth/cshore/flume_data/generated_infiles_sweep/sweep_postprocessing_figures/deep_collision__TestN1__cntrl__combo_0010_dune_zoom.png,,,0.496908341,0.4624388894189743,0.034469451581025656,51.25,51.3,-0.04999999999999716,0.0025,0.01,0.35,0.04,0.55,True
/Users/elizabeth/cshore/flume_data/generated_infiles_sweep/deep_collision/TestN1/cntrl/combo_0012/OBPROF,deep_collision,TestN1,cntrl,combo_0012,/Users/elizabeth/cshore/flume_data/final_transects_deepcollision.mat,0.03225399930134406,51.705,/Users/elizabeth/cshore/flume_data/generated_infiles_sweep/sweep_postprocessing_figures/deep_collision__TestN1__cntrl__combo_0012_dune_zoom.png,,,0.496908341,0.4624388894189743,0.034469451581025656,51.25,51.3,-0.04999999999999716,0.0025,0.01,0.35,0.1,0.55,True
/Users/elizabeth/cshore/flume_data/generated_infiles_sweep/deep_collision/TestN2/cntrl/combo_0013/OBPROF,deep_collision,TestN2,cntrl,combo_0013,/Users/elizabeth/cshore/flume_data/final_transects_deepcollision.mat,0.03247301131081907,51.705,/Users/elizabeth/cshore/flume_data/generated_infiles_sweep/sweep_postprocessing_figures/deep_collision__TestN2__cntrl__combo_0013_dune_zoom.png,,,0.497105,0.4626325734189744,0.03447242658102562,51.25,51.3,-0.04999999999999716,0.0025,0.01,0.5,0.04,0.45,True
/Users/elizabeth/cshore/flume_data/generated_infiles_sweep/deep_collision/TestN2/cntrl/combo_0015/OBPROF,deep_collision,TestN2,cntrl,combo_0015,/Users/elizabeth/cshore/flume_data/final_transects_deepcollision.mat,0.03247301131081907,51.705,/Users/elizabeth/cshore/flume_data/generated_infiles_sweep/sweep_postprocessing_figures/deep_collision__TestN2__cntrl__combo_0015_dune_zoom.png,,,0.497105,0.4626325734189744,0.03447242658102562,51.25,51.3,-0.04999999999999716,0.0025,0.01,0.5,0.1,0.45,True
/Users/elizabeth/cshore/flume_data/generated_infiles_sweep/deep_collision/TestN2/cntrl/combo_0027/OBPROF,deep_collision,TestN2,cntrl,combo_0027,/Users/elizabeth/cshore/flume_data/final_transects_deepcollision.mat,0.03250478514120206,51.705,/Users/elizabeth/cshore/flume_data/generated_infiles_sweep/sweep_postprocessing_figures/deep_collision__TestN2__cntrl__combo_0027_dune_zoom.png,,,0.497104578,0.4626325734189744,0.03447200458102562,51.25,51.3,-0.04999999999999716,0.005,0.01,0.35,0.1,0.45,True
/Users/elizabeth/cshore/flume_data/generated_infiles_sweep/deep_collision/TestN2/cntrl/combo_0025/OBPROF,deep_collision,TestN2,cntrl,combo_0025,/Users/elizabeth/cshore/flume_data/final_transects_deepcollision.mat,0.03250478514120206,51.705,/Users/elizabeth/cshore/flume_data/generated_infiles_sweep/sweep_postprocessing_figures/deep_collision__TestN2__cntrl__combo_0025_dune_zoom.png,,,0.497104578,0.4626325734189744,0.03447200458102562,51.25,51.3,-0.04999999999999716,0.005,0.01,0.35,0.04,0.45,True
/Users/elizabeth/cshore/flume_data/generated_infiles_sweep/deep_collision/TestN3/cntrl/combo_0025/OBPROF,deep_collision,TestN3,cntrl,combo_0025,/Users/elizabeth/cshore/flume_data/final_transects_deepcollision.mat,0.03250995836889238,51.705,/Users/elizabeth/cshore/flume_data/generated_infiles_sweep/sweep_postprocessing_figures/deep_collision__TestN3__cntrl__combo_0025_dune_zoom.png,,,0.497105,0.4626325734189744,0.03447242658102562,51.25,51.3,-0.04999999999999716,0.005,0.01,0.35,0.04,0.45,True
/Users/elizabeth/cshore/flume_data/generated_infiles_sweep/deep_collision/TestN3/cntrl/combo_0027/OBPROF,deep_collision,TestN3,cntrl,combo_0027,/Users/elizabeth/cshore/flume_data/final_transects_deepcollision.mat,0.03250995836889238,51.705,/Users/elizabeth/cshore/flume_data/generated_infiles_sweep/sweep_postprocessing_figures/deep_collision__TestN3__cntrl__combo_0027_dune_zoom.png,,,0.497105,0.4626325734189744,0.03447242658102562,51.25,51.3,-0.04999999999999716,0.005,0.01,0.35,0.1,0.45,True
/Users/elizabeth/cshore/flume_data/generated_infiles_sweep/deep_collision/TestN3/cntrl/combo_0015/OBPROF,deep_collision,TestN3,cntrl,combo_0015,/Users/elizabeth/cshore/flume_data/final_transects_deepcollision.mat,0.03251551829850614,51.705,/Users/elizabeth/cshore/flume_data/generated_infiles_sweep/sweep_postprocessing_figures/deep_collision__TestN3__cntrl__combo_0015_dune_zoom.png,,,0.497105,0.4626325734189744,0.03447242658102562,51.25,51.3,-0.04999999999999716,0.0025,0.01,0.5,0.1,0.45,True
/Users/elizabeth/cshore/flume_data/generated_infiles_sweep/deep_collision/TestN3/cntrl/combo_0013/OBPROF,deep_collision,TestN3,cntrl,combo_0013,/Users/elizabeth/cshore/flume_data/final_transects_deepcollision.mat,0.03251551829850614,51.705,/Users/elizabeth/cshore/flume_data/generated_infiles_sweep/sweep_postprocessing_figures/deep_collision__TestN3__cntrl__combo_0013_dune_zoom.png,,,0.497105,0.4626325734189744,0.03447242658102562,51.25,51.3,-0.04999999999999716,0.0025,0.01,0.5,0.04,0.45,True
/Users/elizabeth/cshore/flume_data/generated_infiles_sweep/deep_collision/TestN3/cntrl/combo_0014/OBPROF,deep_collision,TestN3,cntrl,combo_0014,/Users/elizabeth/cshore/flume_data/final_transects_deepcollision.mat,0.03251628979743547,51.705,/Users/elizabeth/cshore/flume_data/generated_infiles_sweep/sweep_postprocessing_figures/deep_collision__TestN3__cntrl__combo_0014_dune_zoom.png,,,0.497104777,0.4626325734189744,0.034472203581025596,51.25,51.3,-0.04999999999999716,0.0025,0.01,0.5,0.04,0.55,True
/Users/elizabeth/cshore/flume_data/generated_infiles_sweep/deep_collision/TestN3/cntrl/combo_0016/OBPROF,deep_collision,TestN3,cntrl,combo_0016,/Users/elizabeth/cshore/flume_data/final_transects_deepcollision.mat,0.03251628979743547,51.705,/Users/elizabeth/cshore/flume_data/generated_infiles_sweep/sweep_postprocessing_figures/deep_collision__TestN3__cntrl__combo_0016_dune_zoom.png,,,0.497104777,0.4626325734189744,0.034472203581025596,51.25,51.3,-0.04999999999999716,0.0025,0.01,0.5,0.1,0.55,True
/Users/elizabeth/cshore/flume_data/generated_infiles_sweep/deep_collision/TestN2/cntrl/combo_0014/OBPROF,deep_collision,TestN2,cntrl,combo_0014,/Users/elizabeth/cshore/flume_data/final_transects_deepcollision.mat,0.032525712980218204,51.705,/Users/elizabeth/cshore/flume_data/generated_infiles_sweep/sweep_postprocessing_figures/deep_collision__TestN2__cntrl__combo_0014_dune_zoom.png,,,0.497103174,0.4626325734189744,0.03447060058102558,51.25,51.3,-0.04999999999999716,0.0025,0.01,0.5,0.04,0.55,True
/Users/elizabeth/cshore/flume_data/generated_infiles_sweep/deep_collision/TestN2/cntrl/combo_0016/OBPROF,deep_collision,TestN2,cntrl,combo_0016,/Users/elizabeth/cshore/flume_data/final_transects_deepcollision.mat,0.032525712980218204,51.705,/Users/elizabeth/cshore/flume_data/generated_infiles_sweep/sweep_postprocessing_figures/deep_collision__TestN2__cntrl__combo_0016_dune_zoom.png,,,0.497103174,0.4626325734189744,0.03447060058102558,51.25,51.3,-0.04999999999999716,0.0025,0.01,0.5,0.1,0.55,True
/Users/elizabeth/cshore/flume_data/generated_infiles_sweep/deep_collision/TestN2/cntrl/combo_0011/OBPROF,deep_collision,TestN2,cntrl,combo_0011,/Users/elizabeth/cshore/flume_data/final_transects_deepcollision.mat,0.03253234223937895,51.705,/Users/elizabeth/cshore/flume_data/generated_infiles_sweep/sweep_postprocessing_figures/deep_collision__TestN2__cntrl__combo_0011_dune_zoom.png,,,0.497105,0.4626325734189744,0.03447242658102562,51.25,51.3,-0.04999999999999716,0.0025,0.01,0.35,0.1,0.45,True
/Users/elizabeth/cshore/flume_data/generated_infiles_sweep/deep_collision/TestN2/cntrl/combo_0009/OBPROF,deep_collision,TestN2,cntrl,combo_0009,/Users/elizabeth/cshore/flume_data/final_transects_deepcollision.mat,0.03253234223937895,51.705,/Users/elizabeth/cshore/flume_data/generated_infiles_sweep/sweep_postprocessing_figures/deep_collision__TestN2__cntrl__combo_0009_dune_zoom.png,,,0.497105,0.4626325734189744,0.03447242658102562,51.25,51.3,-0.04999999999999716,0.0025,0.01,0.35,0.04,0.45,True
/Users/elizabeth/cshore/flume_data/generated_infiles_sweep/deep_collision/TestN3/cntrl/combo_0031/OBPROF,deep_collision,TestN3,cntrl,combo_0031,/Users/elizabeth/cshore/flume_data/final_transects_deepcollision.mat,0.03255425477402415,51.705,/Users/elizabeth/cshore/flume_data/generated_infiles_sweep/sweep_postprocessing_figures/deep_collision__TestN3__cntrl__combo_0031_dune_zoom.png,,,0.497097668,0.4626325734189744,0.03446509458102559,51.25,51.3,-0.04999999999999716,0.005,0.01,0.5,0.1,0.45,True
/Users/elizabeth/cshore/flume_data/generated_infiles_sweep/deep_collision/TestN3/cntrl/combo_0029/OBPROF,deep_collision,TestN3,cntrl,combo_0029,/Users/elizabeth/cshore/flume_data/final_transects_deepcollision.mat,0.03255425477402415,51.705,/Users/elizabeth/cshore/flume_data/generated_infiles_sweep/sweep_postprocessing_figures/deep_collision__TestN3__cntrl__combo_0029_dune_zoom.png,,,0.497097668,0.4626325734189744,0.03446509458102559,51.25,51.3,-0.04999999999999716,0.005,0.01,0.5,0.04,0.45,True
/Users/elizabeth/cshore/flume_data/generated_infiles_sweep/deep_collision/TestN2/cntrl/combo_0029/OBPROF,deep_collision,TestN2,cntrl,combo_0029,/Users/elizabeth/cshore/flume_data/final_transects_deepcollision.mat,0.03256750624496465,51.705,/Users/elizabeth/cshore/flume_data/generated_infiles_sweep/sweep_postprocessing_figures/deep_collision__TestN2__cntrl__combo_0029_dune_zoom.png,,,0.497088916,0.4626325734189744,0.03445634258102559,51.25,51.3,-0.04999999999999716,0.005,0.01,0.5,0.04,0.45,True
/Users/elizabeth/cshore/flume_data/generated_infiles_sweep/deep_collision/TestN2/cntrl/combo_0031/OBPROF,deep_collision,TestN2,cntrl,combo_0031,/Users/elizabeth/cshore/flume_data/final_transects_deepcollision.mat,0.03256750624496465,51.705,/Users/elizabeth/cshore/flume_data/generated_infiles_sweep/sweep_postprocessing_figures/deep_collision__TestN2__cntrl__combo_0031_dune_zoom.png,,,0.497088916,0.4626325734189744,0.03445634258102559,51.25,51.3,-0.04999999999999716,0.005,0.01,0.5,0.1,0.45,True
/Users/elizabeth/cshore/flume_data/generated_infiles_sweep/deep_collision/TestN3/cntrl/combo_0011/OBPROF,deep_collision,TestN3,cntrl,combo_0011,/Users/elizabeth/cshore/flume_data/final_transects_deepcollision.mat,0.03258499179727671,51.705,/Users/elizabeth/cshore/flume_data/generated_infiles_sweep/sweep_postprocessing_figures/deep_collision__TestN3__cntrl__combo_0011_dune_zoom.png,,,0.497105001,0.4626325734189744,0.03447242758102559,51.25,51.3,-0.04999999999999716,0.0025,0.01,0.35,0.1,0.45,True
/Users/elizabeth/cshore/flume_data/generated_infiles_sweep/deep_collision/TestN3/cntrl/combo_0009/OBPROF,deep_collision,TestN3,cntrl,combo_0009,/Users/elizabeth/cshore/flume_data/final_transects_deepcollision.mat,0.03258499179727671,51.705,/Users/elizabeth/cshore/flume_data/generated_infiles_sweep/sweep_postprocessing_figures/deep_collision__TestN3__cntrl__combo_0009_dune_zoom.png,,,0.497105001,0.4626325734189744,0.03447242758102559,51.25,51.3,-0.04999999999999716,0.0025,0.01,0.35,0.04,0.45,True
/Users/elizabeth/cshore/flume_data/generated_infiles_sweep/deep_overwash/TestO1/cntrl/combo_0032/OBPROF,deep_overwash,TestO1,cntrl,combo_0032,/Users/elizabeth/cshore/flume_data/final_transects_deepoverwash.mat,0.05142196932098925,51.705,/Users/elizabeth/cshore/flume_data/generated_infiles_sweep/sweep_postprocessing_figures/deep_overwash__TestO1__cntrl__combo_0032_dune_zoom.png,,,0.465761234,0.37235640976737067,0.09340482423262936,51.365,51.16,0.2050000000000054,0.005,0.01,0.5,0.1,0.55,True
/Users/elizabeth/cshore/flume_data/generated_infiles_sweep/deep_overwash/TestO1/cntrl/combo_0030/OBPROF,deep_overwash,TestO1,cntrl,combo_0030,/Users/elizabeth/cshore/flume_data/final_transects_deepoverwash.mat,0.051843852525406985,51.705,/Users/elizabeth/cshore/flume_data/generated_infiles_sweep/sweep_postprocessing_figures/deep_overwash__TestO1__cntrl__combo_0030_dune_zoom.png,,,0.466712519,0.37235640976737067,0.09435610923262933,51.365,51.16,0.2050000000000054,0.005,0.01,0.5,0.04,0.55,True
/Users/elizabeth/cshore/flume_data/generated_infiles_sweep/deep_overwash/TestO1/cntrl/combo_0028/OBPROF,deep_overwash,TestO1,cntrl,combo_0028,/Users/elizabeth/cshore/flume_data/final_transects_deepoverwash.mat,0.054526251601456105,51.705,/Users/elizabeth/cshore/flume_data/generated_infiles_sweep/sweep_postprocessing_figures/deep_overwash__TestO1__cntrl__combo_0028_dune_zoom.png,,,0.471416618,0.37235640976737067,0.09906020823262934,51.35,51.16,0.19000000000000483,0.005,0.01,0.35,0.1,0.55,True
/Users/elizabeth/cshore/flume_data/generated_infiles_sweep/deep_overwash/TestO1/cntrl/combo_0026/OBPROF,deep_overwash,TestO1,cntrl,combo_0026,/Users/elizabeth/cshore/flume_data/final_transects_deepoverwash.mat,0.05489794482998729,51.705,/Users/elizabeth/cshore/flume_data/generated_infiles_sweep/sweep_postprocessing_figures/deep_overwash__TestO1__cntrl__combo_0026_dune_zoom.png,,,0.472293507,0.37235640976737067,0.09993709723262933,51.35,51.16,0.19000000000000483,0.005,0.01,0.35,0.04,0.55,True
/Users/elizabeth/cshore/flume_data/generated_infiles_sweep/deep_overwash/TestO1/cntrl/combo_0016/OBPROF,deep_overwash,TestO1,cntrl,combo_0016,/Users/elizabeth/cshore/flume_data/final_transects_deepoverwash.mat,0.06058769815552407,51.705,/Users/elizabeth/cshore/flume_data/generated_infiles_sweep/sweep_postprocessing_figures/deep_overwash__TestO1__cntrl__combo_0016_dune_zoom.png,,,0.481240547,0.37235640976737067,0.10888413723262935,51.32,51.16,0.1600000000000037,0.0025,0.01,0.5,0.1,0.55,True
/Users/elizabeth/cshore/flume_data/generated_infiles_sweep/deep_overwash/TestO1/cntrl/combo_0014/OBPROF,deep_overwash,TestO1,cntrl,combo_0014,/Users/elizabeth/cshore/flume_data/final_transects_deepoverwash.mat,0.0607450945591928,51.705,/Users/elizabeth/cshore/flume_data/generated_infiles_sweep/sweep_postprocessing_figures/deep_overwash__TestO1__cntrl__combo_0014_dune_zoom.png,,,0.481710562,0.37235640976737067,0.10935415223262934,51.32,51.16,0.1600000000000037,0.0025,0.01,0.5,0.04,0.55,True
/Users/elizabeth/cshore/flume_data/generated_infiles_sweep/deep_overwash/TestO1/cntrl/combo_0029/OBPROF,deep_overwash,TestO1,cntrl,combo_0029,/Users/elizabeth/cshore/flume_data/final_transects_deepoverwash.mat,0.062334891543891095,51.705,/Users/elizabeth/cshore/flume_data/generated_infiles_sweep/sweep_postprocessing_figures/deep_overwash__TestO1__cntrl__combo_0029_dune_zoom.png,,,0.484532723,0.37235640976737067,0.11217631323262933,51.315,51.16,0.15500000000000114,0.005,0.01,0.5,0.04,0.45,True
/Users/elizabeth/cshore/flume_data/generated_infiles_sweep/deep_overwash/TestO1/cntrl/combo_0031/OBPROF,deep_overwash,TestO1,cntrl,combo_0031,/Users/elizabeth/cshore/flume_data/final_transects_deepoverwash.mat,0.062340285027475746,51.705,/Users/elizabeth/cshore/flume_data/generated_infiles_sweep/sweep_postprocessing_figures/deep_overwash__TestO1__cntrl__combo_0031_dune_zoom.png,,,0.4845097,0.37235640976737067,0.11215329023262932,51.315,51.16,0.15500000000000114,0.005,0.01,0.5,0.1,0.45,True
/Users/elizabeth/cshore/flume_data/generated_infiles_sweep/deep_overwash/TestO1/cntrl/combo_0012/OBPROF,deep_overwash,TestO1,cntrl,combo_0012,/Users/elizabeth/cshore/flume_data/final_transects_deepoverwash.mat,0.06258310490167604,51.705,/Users/elizabeth/cshore/flume_data/generated_infiles_sweep/sweep_postprocessing_figures/deep_overwash__TestO1__cntrl__combo_0012_dune_zoom.png,,,0.484015159,0.37235640976737067,0.1116587492326293,51.31,51.16,0.15000000000000568,0.0025,0.01,0.35,0.1,0.55,True
/Users/elizabeth/cshore/flume_data/generated_infiles_sweep/deep_overwash/TestO1/cntrl/combo_0010/OBPROF,deep_overwash,TestO1,cntrl,combo_0010,/Users/elizabeth/cshore/flume_data/final_transects_deepoverwash.mat,0.06273823830899868,51.705,/Users/elizabeth/cshore/flume_data/generated_infiles_sweep/sweep_postprocessing_figures/deep_overwash__TestO1__cntrl__combo_0010_dune_zoom.png,,,0.484480358,0.37235640976737067,0.11212394823262933,51.31,51.16,0.15000000000000568,0.0025,0.01,0.35,0.04,0.55,True
